"Original","Generated","task","model","turn"
"Our pathway-inhibition paradigm thus opens an avenue for generating mammalian pluripotent stem cells, and EPSCs present a unique cellular platform for translational research in biotechnology and regenerative medicine.","This approach creates a new opportunity for producing stem cells with the ability to develop into various cell types, offering a distinct tool for advancing medical and biotechnological applications.","paraphrase","llama-3.3-70b-instruct","1.0"
"We show that sustained proximity of the enhancer to its target is required for activation.","Activation is dependent on the enhancer remaining in close proximity to its target for an extended period.","paraphrase","llama-3.3-70b-instruct","1.0"
"We demonstrate that large cities exhibit increased occupational and skill specialization due to increased abundance of managerial and technical professions.","The growth of large cities is associated with a greater diversity of specialized jobs, particularly in management and technical fields.","paraphrase","llama-3.3-70b-instruct","1.0"
"In contrast, there was on average no change in perceived pleasure from smoking cigarettes when using marijuana (5.3 ± 2.7, t (199) ¼ 1.7, p ¼ .09).","The average perceived enjoyment of smoking cigarettes remained relatively unchanged when marijuana was also being used.","paraphrase","llama-3.3-70b-instruct","1.0"
"Thus, investigations of the neurochemistry of social bonding in humans, for which this study provides initial evidence, are warranted.","Further research into the neurological basis of human social connections is justified, as supported by the preliminary findings of this study.","paraphrase","llama-3.3-70b-instruct","1.0"
"Participants on average responded to 96% of the random prompts and reported 4 eating episodes per day.","On average, participants replied to nearly all of the random prompts and typically logged four instances of eating each day.","paraphrase","llama-3.3-70b-instruct","1.0"
"Together our data indicate that light responsive retinal organoids derived from carefully selected and differentiation efficient iPSC lines can be generated at the scale needed for pharmacology and drug screening purposes.","Our findings suggest that retinal organoids sensitive to light can be produced in sufficient quantities from appropriately chosen and highly efficient induced pluripotent stem cells for use in pharmaceutical research and drug testing.","paraphrase","llama-3.3-70b-instruct","1.0"
"CONCLUSION AND RELEVANCE Dimensional and heritable general cognitive and psychopathology factors are associated with specific patterns of white matter properties, suggesting that dysconnectivity is a transdiagnostic brain-based phenotype in individuals with increased susceptibility and symptoms of psychiatric disorders.","Research indicates that certain inherited cognitive and mental health factors, which are linked to various psychiatric conditions, are connected to distinct characteristics of the brain's white matter, implying a common neurological trait among individuals prone to these disorders.","paraphrase","llama-3.3-70b-instruct","1.0"
"We suggest that humans notice when magpies occasionally pick up shiny objects because they believe the birds find them attractive, while it goes unnoticed when magpies interact with less eye-catching items.","People tend to notice magpies collecting glittering items because they assume the birds are drawn to their sparkle, whereas interactions with duller objects often go unobserved.","paraphrase","llama-3.3-70b-instruct","1.0"
"Conclusions: These preliminary data suggest that extended pharmacologic thromboprophylaxis for liver surgery patients is safe and effective.","Preliminary findings indicate that the use of prolonged medication to prevent blood clots in patients undergoing liver surgery appears to be both safe and beneficial.","paraphrase","llama-3.3-70b-instruct","1.0"
"However, this benefit of anticoagulation was lost after anticoagulation was discontinued.","The protective effect of anticoagulation was no longer present once the treatment was stopped.","paraphrase","llama-3.3-70b-instruct","1.0"
"Importantly, we found necrotizing myelitis and degeneration in the spinal cord, neurodegeneration in the DRG, and demyelination in the nerve roots only when lymphocytic inflammatory lesions were also observed in both the CNS and PNS.","The presence of lymphocytic inflammatory lesions in both the central and peripheral nervous systems was a prerequisite for the occurrence of specific types of tissue damage, including spinal cord degeneration and nerve root demyelination.","paraphrase","llama-3.3-70b-instruct","1.0"
"[1] [3] [4] [5] [6] In this high-risk population, extending anticoagulation beyond 3 to 6 months is associated with a reduction in the risk of recurrence as long as treatment is continued.","Continuing anticoagulant therapy for more than three to six months in individuals at high risk significantly decreases the likelihood of recurrent events for as long as the treatment is maintained.","paraphrase","llama-3.3-70b-instruct","1.0"
"This study demonstrated that a viable stem cell population can be isolated and expanded from equine cadaver ligaments up to 72 hours post-mortem.","Researchers successfully extracted and grew a healthy population of stem cells from horse ligaments that had been deceased for as long as three days.","paraphrase","llama-3.3-70b-instruct","1.0"
"Findings from Study 3 supported the benevolence as a mate-preference hypothesis by ruling out the protection racket hypothesis as an alternative explanation for our findings.","The results of Study 3 lent credibility to the idea that benevolence is a desirable trait in a partner by disproving an alternative theory that attributed the findings to a need for protection.","paraphrase","llama-3.3-70b-instruct","1.0"
"Both groups held weak beliefs about their need for tamoxifen for current and future health.","The two groups shared similar, relatively uncertain views regarding the necessity of tamoxifen for maintaining their current and long-term health.","paraphrase","llama-3.3-70b-instruct","1.0"
"This immediate carbon loss is partially compensated by an enhancement in net ecosystem productivity driven by changes in canopy composition and soil respiration 2 .","The initial loss of carbon is somewhat offset by a boost in the ecosystem's overall productivity, which is fueled by alterations in the makeup of the canopy and the rate at which the soil releases carbon dioxide.","paraphrase","llama-3.3-70b-instruct","1.0"
"CONCLUSIONS Twelve months of TE+IMP were more effective than placebo in preventing the development of clinically significant depressive symptoms among initially euthymic perimenopausal and early postmenopausal women.","A twelve-month regimen of transdermal estrogen plus intermittent micronized progesterone proved superior to a placebo in warding off significant depressive symptoms in women transitioning into menopause who were initially asymptomatic.","paraphrase","llama-3.3-70b-instruct","1.0"
"Using general linear models, we found that measurements of genetic diversity across fifteen counties are best explained by days of snow on the ground.","Genetic diversity levels in the fifteen counties studied can be most accurately predicted by the duration of snow cover.","paraphrase","llama-3.3-70b-instruct","1.0"
"We have demonstrated the feasibility of adaptive DBS in PD using a fully implantable device, with feedback control provided by a cortical gamma band oscillation related to the emergence of dyskinesia, a common adverse effect of levodopa therapy and of STN DBS.","Our research has shown that a fully implantable device can effectively deliver adaptive deep brain stimulation for Parkinson's disease, utilizing real-time feedback from brain activity associated with the onset of involuntary movements.","paraphrase","llama-3.3-70b-instruct","1.0"
"In 1 case, blood was sampled after completion of treatment for colorectal cancer and the abnormal pattern was no longer evident.","After finishing colorectal cancer treatment, a follow-up blood sample showed that the unusual pattern had disappeared.","paraphrase","llama-3.3-70b-instruct","1.0"
"The current study is the first to demonstrate that HS students are using e-cigarettes to vaporize cannabis.","This research marks a groundbreaking finding as it reveals that high school students are utilizing electronic cigarettes as a means to inhale cannabis vapor.","paraphrase","llama-3.3-70b-instruct","1.0"
"The tumor closely resembles cancer patient tumor and contains extracellular matrix as well as stromal cells and extensive vasculature.","This tumor bears a strong resemblance to those found in cancer patients, featuring a complex structure that includes a matrix of connective tissue, supportive cells, and a network of blood vessels.","paraphrase","llama-3.3-70b-instruct","1.0"
"Significant declines in the frequency of vaginal and oral sexual behaviors were reported at follow-up, regardless of tumor HPV status.","There was a notable decrease in the occurrence of certain sexual activities, including vaginal and oral sex, observed during follow-up, and this decrease was not dependent on whether the tumor was related to the human papillomavirus.","paraphrase","llama-3.3-70b-instruct","1.0"
"In both cases, the results confirmed that when laughter is elicited, pain thresholds are significantly increased, whereas when subjects watched something that does not naturally elicit laughter, pain thresholds do not change (and are often lower).","Laughter has been shown to substantially raise an individual's tolerance for pain, whereas watching non-amusing content typically has no effect or even decreases pain tolerance.","paraphrase","llama-3.3-70b-instruct","1.0"
"Consistent with predictions, resting-state connectivity within the central executive network (CEN) emerged as a moderator of adaptation.","As expected, the connections between areas of the brain responsible for high-level thinking when at rest were found to influence an individual's ability to adapt.","paraphrase","llama-3.3-70b-instruct","1.0"
"Overall, three in four participants perceived the advertisements to breach at least one alcohol-specific rule in the BCAP Code.","Most participants believed that the ads violated certain guidelines related to alcohol advertising as outlined in the BCAP Code.","paraphrase","llama-3.3-70b-instruct","1.0"
"Multivariable logistic regression analysis indicated that the presence of acute brain lesions was independently associated with development of delayed neurological sequelae (adjusted odds ratio, 13.93; 95% CI, 7.16-27.11; P < .001).","The occurrence of acute brain lesions was found to have a strong independent link to the emergence of delayed neurological complications, as evidenced by a significantly increased likelihood of development.","paraphrase","llama-3.3-70b-instruct","1.0"
"The effect of rising Max BMI is large relative to international mortality trends and to alternative mortality futures simulated by the Social Security Administration.","Compared to global mortality patterns and other potential mortality scenarios projected by the Social Security Administration, the impact of increasing maximum body mass index is substantial.","paraphrase","llama-3.3-70b-instruct","1.0"
"Interestingly, and in striking contrast to expectations, the rapid global range expansion of true frogs was not associated with increased net diversification.","The surprisingly swift spread of true frogs across the globe did not, as one might anticipate, lead to a significant rise in the overall variety of species.","paraphrase","llama-3.3-70b-instruct","1.0"
"Finally, among eight open-water and shoreline foraging species that have undergone significant populations declines, five were negatively associated with temperature increases ( Fig.","A substantial decline in population has been observed in several aquatic foraging species, with nearly two-thirds of those affected showing a correlation with rising water temperatures.","paraphrase","llama-3.3-70b-instruct","1.0"
"We found that application rates, successful enrollment, and positive experiences with the ACA were highest in Kentucky, followed by Arkansas, with Texas performing worst on most outcomes.","Kentucky led the nation in terms of ACA enrollment and satisfaction, closely followed by Arkansas, while Texas struggled with the lowest performance in several key areas.","paraphrase","llama-3.3-70b-instruct","1.0"
"Across three studies, well-educated graduates who entered the workforce during economic downturns were more satisfied with their current jobs than those who entered during more prosperous economic times.","Graduates with strong educational backgrounds tend to express greater job satisfaction when they start their careers amidst economic challenges rather than periods of economic growth.","paraphrase","llama-3.3-70b-instruct","1.0"
"We argue that the more beautiful music is, the easier it is for the listener to concentrate on the music.","The aesthetic appeal of music has a direct impact on a listener's ability to focus their attention on it.","paraphrase","llama-3.3-70b-instruct","1.0"
"Individual LABA agents, LAMA dosage forms, and concomitant COPD regimens did not differ in the CVD risks.","The risks of cardiovascular disease were found to be similar across different types of long-acting bronchodilators and combination therapies for chronic obstructive pulmonary disease.","paraphrase","llama-3.3-70b-instruct","1.0"
"This discovery supports colonial nesting behavior and potential nesting site fidelity in the Pterosauria.","The finding provides evidence that Pterosauria may have exhibited nesting behaviors similar to those of colonial animals and possibly returned to the same locations to nest repeatedly.","paraphrase","llama-3.3-70b-instruct","1.0"
"After adjusting for demographic information, women with a history of military service in both eras had similar patterns of elevated odds for physical abuse, household alcohol abuse, exposure to domestic violence, and emo-","Women who had served in the military exhibited comparable increased risks of experiencing physical abuse, domestic violence, and other forms of household dysfunction, regardless of the time period in which they served.","paraphrase","llama-3.3-70b-instruct","1.0"
"This suggests that all such diverse phenomena, such as the convoluted shape of the outer ear, the universal use of spatial terms for describing pitch, or the reason why high notes are represented higher in musical notation, ultimately reflect adaptation to the statistics of natural auditory scenes.","The varied characteristics of human auditory perception, including ear shape and musical notation conventions, can be attributed to the brain's adaptation to the typical patterns and structures found in natural sound environments.","paraphrase","llama-3.3-70b-instruct","1.0"
"This study builds on recent research focusing on fathers and their role in adolescent eating disorders treatment 32, [41] [42] [43] and finds that adolescents whose fathers engaged in weight conversations were significantly more likely to engage in dieting and UWCBs than adolescents whose fathers did not.","Research has expanded to examine the influence of fathers on teenagers' eating habits, revealing a significant correlation between paternal discussions about weight and the likelihood of adolescents adopting unhealthy eating behaviors.","paraphrase","llama-3.3-70b-instruct","1.0"
"In a cohort of 85 subjects (all males, ages 15-55 years), we show very high correlation between age and ""heterogeneity"" (a measure of structural layout of tissue in a region-of-interest) in specific brain regions.","A strong link between age and tissue structure complexity was observed in certain areas of the brain among a group of 85 male participants spanning a wide age range.","paraphrase","llama-3.3-70b-instruct","1.0"
"We are aware of the many ethical and sociopolitical considerations related to psychosurgery, but we think that such surgery is appropriate under thoughtful regulation, particularly when the disorder is chronic, intractable to non-invasive treatment modalities and when surgery is the last therapeutic option.","The use of psychosurgery can be justified when strictly regulated and reserved for severe, treatment-resistant cases where all other options have been exhausted.","paraphrase","llama-3.3-70b-instruct","1.0"
"The presence of a trainee in a clinic session was associated with longer mean appointment times, even in appointments in which the trainee was not present.","Clinic sessions that included a trainee, even if they weren't directly involved in every appointment, tended to have longer average durations.","paraphrase","llama-3.3-70b-instruct","1.0"
"RNA sequencing expression profiling revealed that expression of 456 identified genes was significantly changed in the tumor due to walnut consumption.","Consuming walnuts was found to substantially alter the expression of nearly 500 genes in tumor tissue, according to RNA sequencing analysis.","paraphrase","llama-3.3-70b-instruct","1.0"
"Conclusions: Over a period of 3 years, prophylaxis versus OD in adults with severe hemophilia A and arthropathy led to decreased bleeding, pain, and HRU, better joint health, activity, satisfaction, and HRQoL, but no reduction in structural arthropathy progression, suggesting that preexisting joint arthropathy may be irreversible.","A three-year comparison of preventative treatment and on-demand treatment for adults with severe hemophilia A and joint damage revealed significant improvements in various health outcomes, although the underlying joint deterioration remained unaffected.","paraphrase","llama-3.3-70b-instruct","1.0"
"This has clear policy implications for policing these settings and highlights the importance of joint operations and information sharing between transit agencies and local police forces operating near major transit systems.","Effective collaboration and data exchange between law enforcement and transportation authorities is crucial for maintaining safety in areas surrounding large public transit hubs.","paraphrase","llama-3.3-70b-instruct","1.0"
"We used this information to focus restaurant inspections in two cities and demonstrated that FINDER improves the accuracy of health inspections; restaurants identified by FINDER are 3.1 times as likely to be deemed unsafe during the inspection as restaurants identified by existing methods.","By applying this data, targeted restaurant inspections were conducted in two cities, resulting in significantly more accurate health assessments, with establishments flagged by the new system being over three times more likely to fail inspections compared to those identified through traditional means.","paraphrase","llama-3.3-70b-instruct","1.0"
"We find that the most important approach to earliest possible detection of a significant sea level acceleration lies in improved understanding (and subsequent removal) of interannual to multidecadal variability in sea level records.","Enhancing our comprehension and elimination of fluctuations in sea level data over various time scales is crucial for identifying a substantial acceleration in sea levels at the earliest possible stage.","paraphrase","llama-3.3-70b-instruct","1.0"
"Therefore sleep durations outside the normal range increased the genetic risk for depressive symptoms.","Abnormal sleep patterns can exacerbate the genetic predisposition to experiencing symptoms of depression.","paraphrase","llama-3.3-70b-instruct","1.0"
"Multivariable population-attributable risk proportions were 14.2% for deployment within the first 12 months of service and 4.0% for DT of 6 months or less.","The proportion of risk attributed to deployment within a year of starting service and having a deployment tenure of six months or less was found to be significantly higher, at 14.2% and 4.0% respectively.","paraphrase","llama-3.3-70b-instruct","1.0"
"Reduced susceptibility in childhood supports the theory that sensory dominance shifts across development and reaches adult-like levels by 10 years of age.","The idea that sensory processing changes throughout childhood and matures by around age 10 is reinforced by the fact that children are less sensitive to certain stimuli.","paraphrase","llama-3.3-70b-instruct","1.0"
"Although absolute risks for neuropathy are low, CD is a potentially treatable condition with a young age of onset.","Celiac disease has a relatively low risk of causing nerve damage, but it is a condition that can be treated and often begins at a young age.","paraphrase","llama-3.3-70b-instruct","1.0"
"As racial inequities in educational opportunities decreased, near-work exposure may have increased relatively more in black participants than in white participants.","The reduction in racial disparities in access to education may have inadvertently led to a greater proportional increase in near-work activities among black individuals compared to their white counterparts.","paraphrase","llama-3.3-70b-instruct","1.0"
"The impact of specialty level culture, and peer influence appears to be significant factors of antibiotic decision-making.","The decision to prescribe antibiotics is heavily influenced by the prevailing culture within a medical specialty and the opinions of colleagues.","paraphrase","llama-3.3-70b-instruct","1.0"
"Hence, the identification of the relevant molecular mediators of this form of plasticity may offer novel therapeutic strategies to recover from deficits in perception, learning, and memory associated with a repertoire of diseases.","Discovering the key molecules that drive this type of neural adaptability could lead to innovative treatments for a range of diseases that impair cognitive functions such as perception, learning, and memory.","paraphrase","llama-3.3-70b-instruct","1.0"
"Given the chronicity and impact of the ADHD one might have expected that older adults with ADHD experience impairments in these three areas.","It would be reasonable to assume that older adults with ADHD would face significant challenges in multiple aspects of their lives due to the long-term effects of the condition.","paraphrase","llama-3.3-70b-instruct","1.0"
"Although these changes in brain function were transient, these effects may signal direct consequences of routine soccer heading on (long-term) brain health which requires further study.","The temporary alterations in brain activity resulting from regular soccer heading may have significant implications for long-term cognitive well-being that warrant additional investigation.","paraphrase","llama-3.3-70b-instruct","1.0"
"Whole-genome comparisons with less dominant, generalist fungi point at a significantly higher number of genes related to stress-tolerance and resource uptake in the dominant fungi, suggesting that they might be better in colonising a wide range of environments.","Dominant fungi possess a greater array of genes associated with resilience and nutrient acquisition, which may enable them to thrive in a broader variety of ecosystems.","paraphrase","llama-3.3-70b-instruct","1.0"
"5 Research regarding the motivations of indoor tanners could inform the development of new interventions.","Understanding what drives people to use indoor tanning could lead to the creation of more effective strategies to discourage the behavior.","paraphrase","llama-3.3-70b-instruct","1.0"
"Mindfulness research in general could benefit from employing the SOBC experimental medicine approach.","The field of mindfulness research may see significant improvements by adopting the experimental medicine approach known as SOBC.","paraphrase","llama-3.3-70b-instruct","1.0"
"Stripped of context, stand-alone statistics may simply be used as ""evidence"" of the stereotype that Blacks are prone to criminality.","Isolated crime statistics can be misused to perpetuate the racist notion that Black individuals have a natural inclination towards committing crimes.","paraphrase","llama-3.3-70b-instruct","1.0"
"CONCLUSIONS AND RELEVANCE Tic disorders, including TS and CTDs, cluster in families primarily because of genetic factors and appear to be among the most heritable neuropsychiatric conditions.","Genetic factors play a significant role in the tendency of tic disorders to run in families, making them some of the most inheritable conditions affecting the brain and nervous system.","paraphrase","llama-3.3-70b-instruct","1.0"
"The innovative use of the Nintendo Wii could present a way to enhance community based stroke rehabilitation of the arm by providing a motivating and cost-effective way of exercising that could be remotely monitored and exercises adjusted as required by a physiotherapist .","The incorporation of the Nintendo Wii into community-based stroke rehabilitation programs could offer a engaging and affordable means of arm therapy, allowing physiotherapists to remotely track progress and make necessary adjustments to exercise regimens.","paraphrase","llama-3.3-70b-instruct","1.0"
"This is despite climate change and anthropogenic transformations of local flora and fauna, including changes in agricultural practices , which might have favored the introduction of landraces from other regions that were better adapted to the changing agricultural environment.","The introduction of non-native landraces, which were more resilient to the altered environmental conditions, may have been facilitated by human activities and shifting climate patterns that impacted the local ecosystem.","paraphrase","llama-3.3-70b-instruct","1.0"
"This may be due to adults who are able to continue consuming alcohol into old age are healthier, and therefore have higher cognition and larger regional brain volumes, than people who had to decrease their alcohol consumption due to adverse health outcomes and become abstainers during old age.","The ability of some adults to continue drinking alcohol into older age may be indicative of their overall better health, which in turn is associated with sharper cognitive function and greater brain volume compared to those who are forced to stop drinking due to health issues.","paraphrase","llama-3.3-70b-instruct","1.0"
"Additional efforts to foster multipayer participation in global payment systems, such as recent state initiatives and provisions in Pioneer Medicare ACO contracts, 15,32,33 may be important.","Encouraging multiple payers to participate in global payment systems is crucial, and recent initiatives, including those at the state level and in certain Medicare contracts, may play a significant role in achieving this goal.","paraphrase","llama-3.3-70b-instruct","1.0"
"Meaning Reducing exposures of pregnant women to environmental nitric oxide may be associated with a reduction in autism spectrum disorder incidence in their children.","Lowering pregnant women's exposure to environmental nitric oxide could potentially decrease the likelihood of their children developing autism spectrum disorder.","paraphrase","llama-3.3-70b-instruct","1.0"
"However, gender patterns of consumption and the relationship between societal and family affluence and cannabis use may be changing.","The dynamics of cannabis consumption in relation to wealth and social status, as well as gender, are potentially undergoing a shift.","paraphrase","llama-3.3-70b-instruct","1.0"
"Developing and imparting more gist based knowledge, in order to engage more intuitive thinking about online risk-taking, may well help to protect young people against some of the dangers involved in certain online activities.","Enhancing young people's understanding of online risks through more in-depth knowledge can foster a more instinctual approach to navigating the internet safely.","paraphrase","llama-3.3-70b-instruct","1.0"
"One might expect the many factors absent from the urban explorer process -variations in street segment lengths and driving speeds, taxi-taxi interactions, human routing decisions, heterogeneities in passenger pickup and dropoff times and locations -would play a role in the statistical properties of real taxis.","The statistical properties of actual taxis are likely influenced by numerous complexities, including diverse road conditions, driver behaviors, and passenger patterns, that are not accounted for in the urban explorer model.","paraphrase","llama-3.3-70b-instruct","1.0"
"However, it nonetheless represents a critical component of decision-making that is likely to be important in successful policy development and implementation.","Effective policy creation and execution rely heavily on a particular crucial aspect of the decision-making process.","paraphrase","llama-3.3-70b-instruct","1.0"
"People who are more than 65 years of age are almost one point on a 0-6 scale less tired than people aged between 15 and 24.","Seniors over 65 tend to experience significantly lower levels of fatigue compared to young adults between 15 and 24 years old.","paraphrase","llama-3.3-70b-instruct","1.0"
"The biological effects of altered biochemical concentrations may not be manifested over a short time period, but could have deleterious impacts on long-term fitness and population stability.","Changes in biochemical levels can have delayed but potentially damaging consequences for the health and survival of populations over an extended period.","paraphrase","llama-3.3-70b-instruct","1.0"
"Reduction in the incidence of colorectal cancer may influence the overall benefit-risk profile of aspirin.","The potential decrease in colorectal cancer cases could impact the overall advantages and disadvantages of taking aspirin.","paraphrase","llama-3.3-70b-instruct","1.0"
"Unfortunately, the subtle change in the effects of alcohol on performance over time may lead older adults to ignore these risks as they are unlikely to have experienced significant consequences or impairment resulting from this level of consumption at earlier points in their lives.","As older adults may not have previously faced substantial repercussions from moderate drinking, they often overlook the potential dangers of alcohol's impact on their abilities, which can shift subtly with age.","paraphrase","llama-3.3-70b-instruct","1.0"
"This leads us to the possibility that a spatial virtual memory palace, experienced in an immersive virtual environment, could enhance learning and recall by leveraging the integration of vestibular and proprioceptive inputs (overall sense of body position, movement, and acceleration) ).","Using a virtual memory palace in an immersive environment may improve learning and memory retention by combining sensory information related to body awareness and movement.","paraphrase","llama-3.3-70b-instruct","1.0"
"Thus, in addition to conserving important species, maintaining ecosystem multifunctionality will require diverse landscape mosaics of diverse communities.","Preserving a wide range of ecosystems with varied plant and animal communities is essential for maintaining the health and functionality of the environment.","paraphrase","llama-3.3-70b-instruct","1.0"
"First, the decreasing rate of PTR could have been primarily the result of more effective systemic therapy or of greater reluctance among surgeons to operate on patients with asymptomatic stage IV CRC.","The decline in the rate of primary tumor resection may be attributed to either improved overall treatment approaches or a growing hesitation among surgeons to perform surgery on patients with asymptomatic stage IV colorectal cancer.","paraphrase","llama-3.3-70b-instruct","1.0"
"Such ubiquitous BP monitoring may improve hypertension awareness and control rates and thereby help reduce the incidence of cardiovascular disease and mortality.","Widespread monitoring of blood pressure could lead to better management and understanding of hypertension, ultimately decreasing the risk of cardiovascular disease and related deaths.","paraphrase","llama-3.3-70b-instruct","1.0"
"Women may reason that other people can neither change their infertility status nor understand what they were experiencing.","Infertile women often feel that others are unable to comprehend or alter their circumstances, leading to a sense of isolation in their struggles.","paraphrase","llama-3.3-70b-instruct","1.0"
"Given these results, it is possible that TAF2 overexpression could increase transcription of C-SRC in some ovarian tumors.","The overproduction of TAF2 may potentially enhance the transcriptional activity of C-SRC in certain types of ovarian tumors.","paraphrase","llama-3.3-70b-instruct","1.0"
"A confirmation of these results would point to new particles or interactions, and could have profound implications for our understanding of particle physics.","Validating these findings could significantly impact the field of particle physics by revealing previously unknown particles or forces.","paraphrase","llama-3.3-70b-instruct","1.0"
"Although SZ and BP often differ clinically, they share many features.","Despite their distinct clinical presentations, SZ and BP exhibit numerous similarities in their characteristics.","paraphrase","llama-3.3-70b-instruct","1.0"
"Should this approach prove to be effective and to have benefit beyond the period of intervention, it might be applied intermittently as a preventive strategy, an approach that would mitigate many concerns about chronic, severe carbohydrate restriction.","If this method yields lasting positive results, it could be used periodically as a preventative measure, thereby addressing concerns related to long-term carbohydrate deprivation.","paraphrase","llama-3.3-70b-instruct","1.0"
"Thus, the prototype of the redemptive self appears to be a life-story format that is deeply implicated in healthy psychosocial adaptation in the midlife years.","The concept of a redemptive self is closely tied to a particular narrative structure that promotes emotional well-being and successful personal growth during middle age.","paraphrase","llama-3.3-70b-instruct","1.0"
"Policies that incentivize providers and health systems to use telehealth could be an important way to increase access to care for underserved populations.","Implementing policies that encourage healthcare providers to adopt remote services can significantly expand medical access for disadvantaged communities.","paraphrase","llama-3.3-70b-instruct","1.0"
"If a birth is a positive life event, the happiness response to having a child may be strongest when the event is first experienced.","The initial experience of having a child tends to elicit the most intense feelings of happiness in response to this significant life occurrence.","paraphrase","llama-3.3-70b-instruct","1.0"
"Promotion of lactation may be an effective tool for reducing occurrence of the subtypes that contribute disproportionately to breast cancer mortality.","Encouraging breastfeeding could potentially lower the risk of certain aggressive forms of breast cancer that are responsible for a significant number of deaths.","paraphrase","llama-3.3-70b-instruct","1.0"
"Allowing users to retract recently posted comments may help minimize regret .","Enabling the removal of newly posted comments can reduce feelings of remorse.","paraphrase","llama-3.3-70b-instruct","1.0"
"It is possible that alcohol may only affect perception of attractiveness at a higher level of alcohol consumption, which was not observable with the naturalistic design used here.","The impact of alcohol on perceived attractiveness may only become apparent at elevated consumption levels that were not captured in this particular study's observational approach.","paraphrase","llama-3.3-70b-instruct","1.0"
"Together, these results appear to suggest that avoiding car driving may be beneficial to wellbeing.","Not driving a car could have a positive impact on a person's overall wellbeing.","paraphrase","llama-3.3-70b-instruct","1.0"
"Diffusion-weighted imaging during the acute phase of carbon monoxide poisoning may therefore help identify patients at risk of developing these debilitating sequelae.","The use of diffusion-weighted imaging in the early stages of carbon monoxide poisoning can potentially pinpoint individuals who are more likely to experience severe and long-lasting aftereffects.","paraphrase","llama-3.3-70b-instruct","1.0"
"The adolescent who comes to depend upon pseudomature behavior to gain peer status may gradually need to shift, for example, from minor forms of delinquency, such as vandalism and shoplifting, to more serious acts of criminal behavior to impress even a subset of older peers.","As teenagers rely on pretending to be more mature to fit in with their peers, they may feel pressured to escalate from small-time misbehavior to more severe crimes in order to maintain the respect of their older counterparts.","paraphrase","llama-3.3-70b-instruct","1.0"
"Furthermore, continuous activity monitoring during treatment could help predict and monitor treatment complications and allow for timely and appropriate intervention.","Ongoing surveillance of patient activity levels throughout the treatment process can facilitate early detection of potential complications, enabling healthcare providers to take prompt and targeted action.","paraphrase","llama-3.3-70b-instruct","1.0"
"The towns and villages that constituted research sites for our study are likely similar to hundreds or even thousands of sites throughout Asia, where humans live alongside synanthropic macaques.","Numerous locations across Asia, where people coexist with macaques that thrive in human-dominated environments, probably share similarities with the towns and villages examined in this research.","paraphrase","llama-3.3-70b-instruct","1.0"
"[Conclusion] It was concluded that the 12 weeks of vitamin D supplementation and circuit training would have positive effects on abdominal fat and blood lipid profiles in T2D and vitamin D deficient elderly women.","Elderly women with type 2 diabetes and vitamin D deficiency can experience improvements in abdominal fat and blood lipid levels after undergoing a 12-week regimen of vitamin D supplements and circuit training exercises.","paraphrase","llama-3.3-70b-instruct","1.0"
"Although our analyses suggest that adherence to new ACC/AHA statin eligibility guidelines may prove beneficial for the reduction of future cardiovascular events compared with using the ATP III guidelines, the absolute event risk of statinnoneligible adults is not much lower with the ACC/AHA guidelines (1.0%) compared with the ATP III guidelines (2.4%), and the larger benefit may be that the ACC/AHA guidelines identify many more statin-eligible participants with a similarly high event rate as the ATP III guidelines (6.3% vs 6.9%).","The implementation of new ACC/AHA statin guidelines may offer advantages over the ATP III guidelines in preventing cardiovascular events, primarily by identifying a larger number of high-risk individuals who are eligible for statin treatment.","paraphrase","llama-3.3-70b-instruct","1.0"
"Here, we show that riluzole can protect against some of the synaptic alterations in hippocampus that are linked to age-related memory loss in rats.","Riluzole has been found to have a protective effect on certain synaptic changes in the hippocampus associated with memory decline in aging rats.","paraphrase","llama-3.3-70b-instruct","1.0"
"More than 10% of total pesticide use in the USA in 2016 was from pesticide ingredients either banned, not approved or of unknown status in all three agricultural nations (Table 1 and Additional file 5:  Table S137 ).","In 2016, the United States utilized a substantial amount of pesticide ingredients that were prohibited, unapproved, or had uncertain regulatory status in other major agricultural countries.","paraphrase","llama-3.3-70b-instruct","1.0"
"Consistent with the stage specific model of mental disorders linking intervention to stage of illness, our findings suggest frequent cannabis use is likely to be a suitable target for interventions that may allay the risk of young people developing bipolar disorder.","Frequent cannabis use in young individuals may be a key factor to address through interventions in order to potentially reduce the likelihood of developing bipolar disorder.","paraphrase","llama-3.3-70b-instruct","1.0"
"Conclusion-These findings support the idea that the tendency to describe and accept distressing experiences may buffer the impact of psychological distress on physiological arousal.","The ability to acknowledge and process difficult emotions appears to mitigate the physical effects of mental strain.","paraphrase","llama-3.3-70b-instruct","1.0"
"Our pathway-inhibition paradigm thus opens an avenue for generating mammalian pluripotent stem cells, and EPSCs present a unique cellular platform for translational research in biotechnology and regenerative medicine.","Researchers have discovered a novel method for generating mammalian pluripotent stem cells, offering a promising new platform for advancements in biotechnology and regenerative medicine.","news","llama-3.3-70b-instruct","1.0"
"We show that sustained proximity of the enhancer to its target is required for activation.","Researchers have found that the sustained proximity of an enhancer to its target gene is a necessary condition for the gene's activation to occur.","news","llama-3.3-70b-instruct","1.0"
"We demonstrate that large cities exhibit increased occupational and skill specialization due to increased abundance of managerial and technical professions.","Researchers have found that large cities tend to have higher levels of occupational and skill specialization, driven by a greater abundance of managerial and technical professions.","news","llama-3.3-70b-instruct","1.0"
"In contrast, there was on average no change in perceived pleasure from smoking cigarettes when using marijuana (5.3 ± 2.7, t (199) ¼ 1.7, p ¼ .09).","A new study has found that marijuana use does not appear to significantly alter the perceived pleasure of smoking cigarettes, with participants reporting no average change in pleasure levels.","news","llama-3.3-70b-instruct","1.0"
"Thus, investigations of the neurochemistry of social bonding in humans, for which this study provides initial evidence, are warranted.","A new study provides initial evidence for the neurochemistry of social bonding in humans, suggesting that further investigations into this complex phenomenon are warranted.","news","llama-3.3-70b-instruct","1.0"
"Participants on average responded to 96% of the random prompts and reported 4 eating episodes per day.","In a notable display of adherence, participants in a recent study responded to a remarkable 96 percent of random prompts and reported an average of four eating episodes per day.","news","llama-3.3-70b-instruct","1.0"
"Together our data indicate that light responsive retinal organoids derived from carefully selected and differentiation efficient iPSC lines can be generated at the scale needed for pharmacology and drug screening purposes.","Researchers have successfully developed a method to mass-produce light-responsive retinal organoids from induced pluripotent stem cells, paving the way for large-scale pharmacology and drug screening applications.","news","llama-3.3-70b-instruct","1.0"
"CONCLUSION AND RELEVANCE Dimensional and heritable general cognitive and psychopathology factors are associated with specific patterns of white matter properties, suggesting that dysconnectivity is a transdiagnostic brain-based phenotype in individuals with increased susceptibility and symptoms of psychiatric disorders.","Researchers have found that abnormalities in the brain's white matter, which can be inherited, are linked to a range of psychiatric disorders, suggesting that disrupted neural connections may be a common underlying factor in many mental health conditions.","news","llama-3.3-70b-instruct","1.0"
"We suggest that humans notice when magpies occasionally pick up shiny objects because they believe the birds find them attractive, while it goes unnoticed when magpies interact with less eye-catching items.","Researchers have found that people tend to notice when magpies collect shiny objects because they assume the birds are drawn to their attractiveness, while interactions with less conspicuous items often go unobserved.","news","llama-3.3-70b-instruct","1.0"
"Conclusions: These preliminary data suggest that extended pharmacologic thromboprophylaxis for liver surgery patients is safe and effective.","Preliminary data indicate that the extended use of medication to prevent blood clots in patients undergoing liver surgery is both safe and effective.","news","llama-3.3-70b-instruct","1.0"
"However, this benefit of anticoagulation was lost after anticoagulation was discontinued.","The protective effects of anticoagulation against adverse outcomes were found to be transient, disappearing once the anticoagulant treatment was stopped.","news","llama-3.3-70b-instruct","1.0"
"Importantly, we found necrotizing myelitis and degeneration in the spinal cord, neurodegeneration in the DRG, and demyelination in the nerve roots only when lymphocytic inflammatory lesions were also observed in both the CNS and PNS.","Researchers have discovered that damage to the spinal cord, nerve roots, and surrounding tissues occurs exclusively in conjunction with lymphocytic inflammatory lesions in both the central and peripheral nervous systems.","news","llama-3.3-70b-instruct","1.0"
"[1] [3] [4] [5] [6] In this high-risk population, extending anticoagulation beyond 3 to 6 months is associated with a reduction in the risk of recurrence as long as treatment is continued.","Extending anticoagulation treatment beyond three to six months has been found to significantly reduce the risk of recurrence in high-risk populations, as long as the treatment is continued.","news","llama-3.3-70b-instruct","1.0"
"This study demonstrated that a viable stem cell population can be isolated and expanded from equine cadaver ligaments up to 72 hours post-mortem.","Researchers have made a breakthrough discovery that viable stem cells can be extracted and grown from horse ligaments for up to 72 hours after death, opening up new possibilities for regenerative medicine and tissue engineering.","news","llama-3.3-70b-instruct","1.0"
"Findings from Study 3 supported the benevolence as a mate-preference hypothesis by ruling out the protection racket hypothesis as an alternative explanation for our findings.","A new study has lent credence to the theory that benevolence is a key factor in mate preference, after ruling out an alternative explanation that suggested protection was the primary motivator.","news","llama-3.3-70b-instruct","1.0"
"Both groups held weak beliefs about their need for tamoxifen for current and future health.","A recent study found that individuals in both groups generally held weak convictions regarding their necessity for tamoxifen, both in terms of their current health and their future well-being.","news","llama-3.3-70b-instruct","1.0"
"This immediate carbon loss is partially compensated by an enhancement in net ecosystem productivity driven by changes in canopy composition and soil respiration 2 .","Researchers have found that while immediate carbon loss occurs, it is somewhat offset by an increase in net ecosystem productivity, which is fueled by shifts in canopy composition and soil respiration.","news","llama-3.3-70b-instruct","1.0"
"CONCLUSIONS Twelve months of TE+IMP were more effective than placebo in preventing the development of clinically significant depressive symptoms among initially euthymic perimenopausal and early postmenopausal women.","A twelve-month regimen of transdermal estrogen plus intermittent micronized progesterone was found to be more effective than a placebo in preventing the onset of clinically significant depressive symptoms in perimenopausal and early postmenopausal women.","news","llama-3.3-70b-instruct","1.0"
"Using general linear models, we found that measurements of genetic diversity across fifteen counties are best explained by days of snow on the ground.","Researchers have discovered that the genetic diversity of a given area is most closely correlated with the number of days of snow cover, according to a new study analyzing data from fifteen counties using general linear models.","news","llama-3.3-70b-instruct","1.0"
"We have demonstrated the feasibility of adaptive DBS in PD using a fully implantable device, with feedback control provided by a cortical gamma band oscillation related to the emergence of dyskinesia, a common adverse effect of levodopa therapy and of STN DBS.","Researchers have successfully tested a fully implantable device that uses adaptive deep brain stimulation to treat Parkinson's disease, utilizing feedback from brain activity to mitigate the emergence of dyskinesia, a common side effect of traditional treatments.","news","llama-3.3-70b-instruct","1.0"
"In 1 case, blood was sampled after completion of treatment for colorectal cancer and the abnormal pattern was no longer evident.","In a notable instance, a patient's blood work showed that an abnormal pattern associated with colorectal cancer had disappeared after completing treatment for the disease.","news","llama-3.3-70b-instruct","1.0"
"The current study is the first to demonstrate that HS students are using e-cigarettes to vaporize cannabis.","In a troubling trend, a new study has found that high school students are increasingly using e-cigarettes as a means to vaporize cannabis, a phenomenon that has not been previously documented.","news","llama-3.3-70b-instruct","1.0"
"The tumor closely resembles cancer patient tumor and contains extracellular matrix as well as stromal cells and extensive vasculature.","Scientists have successfully created a highly realistic tumor model that mimics the complex characteristics of actual cancer patient tumors, including extracellular matrix, stromal cells, and extensive vasculature.","news","llama-3.3-70b-instruct","1.0"
"Significant declines in the frequency of vaginal and oral sexual behaviors were reported at follow-up, regardless of tumor HPV status.","A new study has found that individuals experience substantial decreases in vaginal and oral sexual activity over time, a trend that persists regardless of whether their tumors test positive for the human papillomavirus (HPV).","news","llama-3.3-70b-instruct","1.0"
"In both cases, the results confirmed that when laughter is elicited, pain thresholds are significantly increased, whereas when subjects watched something that does not naturally elicit laughter, pain thresholds do not change (and are often lower).","Researchers have found that laughter significantly increases an individual's pain threshold, whereas watching non-amusing content has no such effect and can even lead to lower pain tolerance.","news","llama-3.3-70b-instruct","1.0"
"Consistent with predictions, resting-state connectivity within the central executive network (CEN) emerged as a moderator of adaptation.","Researchers have found that the strength of connections within the brain's central executive network during rest plays a crucial role in moderating an individual's ability to adapt.","news","llama-3.3-70b-instruct","1.0"
"Overall, three in four participants perceived the advertisements to breach at least one alcohol-specific rule in the BCAP Code.","A recent study found that nearly 75 percent of participants believed that the advertisements in question violated at least one alcohol-related guideline set forth in the BCAP Code.","news","llama-3.3-70b-instruct","1.0"
"Multivariable logistic regression analysis indicated that the presence of acute brain lesions was independently associated with development of delayed neurological sequelae (adjusted odds ratio, 13.93; 95% CI, 7.16-27.11; P < .001).","A new study has found that patients with acute brain lesions are nearly 14 times more likely to develop delayed neurological complications, according to a multivariable logistic regression analysis.","news","llama-3.3-70b-instruct","1.0"
"The effect of rising Max BMI is large relative to international mortality trends and to alternative mortality futures simulated by the Social Security Administration.","A significant increase in maximum body mass index, or BMI, is projected to have a substantial impact on mortality trends worldwide, surpassing the effects of other simulated mortality futures.","news","llama-3.3-70b-instruct","1.0"
"Interestingly, and in striking contrast to expectations, the rapid global range expansion of true frogs was not associated with increased net diversification.","Contrary to expectations, the rapid global expansion of true frogs did not lead to an increase in net diversification, a surprising finding that challenges conventional understanding of species evolution.","news","llama-3.3-70b-instruct","1.0"
"Finally, among eight open-water and shoreline foraging species that have undergone significant populations declines, five were negatively associated with temperature increases ( Fig.","A new study has found that five of eight marine species that forage in open water or along shorelines and have experienced substantial population declines are negatively impacted by rising temperatures.","news","llama-3.3-70b-instruct","1.0"
"We found that application rates, successful enrollment, and positive experiences with the ACA were highest in Kentucky, followed by Arkansas, with Texas performing worst on most outcomes.","A new study has revealed significant state-by-state disparities in the implementation of the Affordable Care Act, with Kentucky and Arkansas leading the nation in key metrics such as application rates and positive experiences, while Texas lagged far behind.","news","llama-3.3-70b-instruct","1.0"
"Across three studies, well-educated graduates who entered the workforce during economic downturns were more satisfied with their current jobs than those who entered during more prosperous economic times.","Contrary to expectations, research has found that well-educated graduates who launched their careers during economic downturns reported higher job satisfaction than their counterparts who entered the workforce during more prosperous times.","news","llama-3.3-70b-instruct","1.0"
"We argue that the more beautiful music is, the easier it is for the listener to concentrate on the music.","Researchers have found that music perceived as more beautiful tends to hold a listener's attention more effectively, facilitating greater concentration.","news","llama-3.3-70b-instruct","1.0"
"Individual LABA agents, LAMA dosage forms, and concomitant COPD regimens did not differ in the CVD risks.","A new study has found that the cardiovascular disease risks associated with chronic obstructive pulmonary disease treatments do not vary significantly among different long-acting beta agonist agents, long-acting muscarinic antagonist dosage forms, or concurrent regimens.","news","llama-3.3-70b-instruct","1.0"
"This discovery supports colonial nesting behavior and potential nesting site fidelity in the Pterosauria.","A recent discovery has provided evidence to support the theory that pterosaurs exhibited colonial nesting behavior and may have also demonstrated fidelity to specific nesting sites.","news","llama-3.3-70b-instruct","1.0"
"After adjusting for demographic information, women with a history of military service in both eras had similar patterns of elevated odds for physical abuse, household alcohol abuse, exposure to domestic violence, and emo-","A new study has found that women with a history of military service, regardless of the era in which they served, exhibit similarly elevated patterns of physical abuse, household alcohol abuse, exposure to domestic violence, and emotional distress.","news","llama-3.3-70b-instruct","1.0"
"This suggests that all such diverse phenomena, such as the convoluted shape of the outer ear, the universal use of spatial terms for describing pitch, or the reason why high notes are represented higher in musical notation, ultimately reflect adaptation to the statistics of natural auditory scenes.","Researchers have found that a wide range of phenomena, from the shape of the outer ear to musical notation conventions, can be traced back to the human brain's adaptation to the statistical patterns of natural sound environments.","news","llama-3.3-70b-instruct","1.0"
"This study builds on recent research focusing on fathers and their role in adolescent eating disorders treatment 32, [41] [42] [43] and finds that adolescents whose fathers engaged in weight conversations were significantly more likely to engage in dieting and UWCBs than adolescents whose fathers did not.","A new study has found that adolescents are more likely to diet and engage in unhealthy weight control behaviors if their fathers discuss weight with them, highlighting the significant influence fathers can have on their children's eating habits.","news","llama-3.3-70b-instruct","1.0"
"In a cohort of 85 subjects (all males, ages 15-55 years), we show very high correlation between age and ""heterogeneity"" (a measure of structural layout of tissue in a region-of-interest) in specific brain regions.","Researchers have found a strong correlation between age and the structural layout of brain tissue in specific regions, based on a study of 85 male subjects ranging in age from 15 to 55 years.","news","llama-3.3-70b-instruct","1.0"
"We are aware of the many ethical and sociopolitical considerations related to psychosurgery, but we think that such surgery is appropriate under thoughtful regulation, particularly when the disorder is chronic, intractable to non-invasive treatment modalities and when surgery is the last therapeutic option.","Researchers are advocating for the carefully regulated use of psychosurgery as a last resort treatment option for patients with chronic and treatment-resistant disorders.","news","llama-3.3-70b-instruct","1.0"
"The presence of a trainee in a clinic session was associated with longer mean appointment times, even in appointments in which the trainee was not present.","A new study has found that the presence of a trainee in a clinic, even if they are not directly involved in every appointment, is correlated with longer average appointment times across the board.","news","llama-3.3-70b-instruct","1.0"
"RNA sequencing expression profiling revealed that expression of 456 identified genes was significantly changed in the tumor due to walnut consumption.","A recent study found that consuming walnuts alters the expression of 456 genes in tumors, suggesting a potential molecular mechanism by which walnut consumption may influence cancer development.","news","llama-3.3-70b-instruct","1.0"
"Conclusions: Over a period of 3 years, prophylaxis versus OD in adults with severe hemophilia A and arthropathy led to decreased bleeding, pain, and HRU, better joint health, activity, satisfaction, and HRQoL, but no reduction in structural arthropathy progression, suggesting that preexisting joint arthropathy may be irreversible.","A three-year study found that preventative treatment for adults with severe hemophilia A and joint damage reduced bleeding, pain, and healthcare utilization, while improving joint health and quality of life, although it did not halt the progression of existing joint damage.","news","llama-3.3-70b-instruct","1.0"
"This has clear policy implications for policing these settings and highlights the importance of joint operations and information sharing between transit agencies and local police forces operating near major transit systems.","A new study underscores the need for coordinated efforts between transit agencies and local law enforcement, suggesting that joint operations and information sharing are crucial in effectively policing areas surrounding major transit systems.","news","llama-3.3-70b-instruct","1.0"
"We used this information to focus restaurant inspections in two cities and demonstrated that FINDER improves the accuracy of health inspections; restaurants identified by FINDER are 3.1 times as likely to be deemed unsafe during the inspection as restaurants identified by existing methods.","A new system called FINDER has been shown to significantly enhance the accuracy of health inspections in restaurants, identifying establishments that are 3.1 times more likely to be deemed unsafe compared to traditional methods.","news","llama-3.3-70b-instruct","1.0"
"We find that the most important approach to earliest possible detection of a significant sea level acceleration lies in improved understanding (and subsequent removal) of interannual to multidecadal variability in sea level records.","Researchers have determined that enhancing the detection of significant sea level acceleration at the earliest possible stage hinges on better understanding and accounting for variability in sea level records that occurs over periods of several years to several decades.","news","llama-3.3-70b-instruct","1.0"
"Therefore sleep durations outside the normal range increased the genetic risk for depressive symptoms.","Research has found that sleeping too little or too much can amplify an individual's genetic predisposition to experiencing depressive symptoms.","news","llama-3.3-70b-instruct","1.0"
"Multivariable population-attributable risk proportions were 14.2% for deployment within the first 12 months of service and 4.0% for DT of 6 months or less.","A new study has found that nearly 14 percent of risks can be attributed to military deployment within the first year of service, and 4 percent to deployments of six months or less.","news","llama-3.3-70b-instruct","1.0"
"Reduced susceptibility in childhood supports the theory that sensory dominance shifts across development and reaches adult-like levels by 10 years of age.","Researchers have found that children's reduced susceptibility to certain sensory influences suggests that the brain's sensory dominance undergoes a significant shift during development, ultimately reaching adult-like levels by around the age of 10.","news","llama-3.3-70b-instruct","1.0"
"Although absolute risks for neuropathy are low, CD is a potentially treatable condition with a young age of onset.","Researchers have identified celiac disease as a potentially treatable condition that can strike at a young age, posing a risk of neuropathy, although the absolute risk remains relatively low.","news","llama-3.3-70b-instruct","1.0"
"As racial inequities in educational opportunities decreased, near-work exposure may have increased relatively more in black participants than in white participants.","A new study suggests that as racial disparities in educational opportunities have narrowed, black participants have experienced a disproportionately larger increase in near-work exposure compared to their white counterparts.","news","llama-3.3-70b-instruct","1.0"
"The impact of specialty level culture, and peer influence appears to be significant factors of antibiotic decision-making.","A new study has found that the culture of a medical specialty and the influence of peers play a substantial role in shaping doctors' decisions about when to prescribe antibiotics.","news","llama-3.3-70b-instruct","1.0"
"Hence, the identification of the relevant molecular mediators of this form of plasticity may offer novel therapeutic strategies to recover from deficits in perception, learning, and memory associated with a repertoire of diseases.","Researchers believe that uncovering the key molecular mechanisms behind a specific type of neural plasticity could lead to new treatments for a range of diseases that affect perception, learning, and memory.","news","llama-3.3-70b-instruct","1.0"
"Given the chronicity and impact of the ADHD one might have expected that older adults with ADHD experience impairments in these three areas.","Researchers have found that older adults with attention deficit hyperactivity disorder, or ADHD, often experience significant impairments in daily life, despite the condition's chronic nature and substantial impact.","news","llama-3.3-70b-instruct","1.0"
"Although these changes in brain function were transient, these effects may signal direct consequences of routine soccer heading on (long-term) brain health which requires further study.","Researchers have found that routine soccer heading may have direct and potentially long-lasting consequences for brain health, highlighting the need for further study on the effects of this common practice.","news","llama-3.3-70b-instruct","1.0"
"Whole-genome comparisons with less dominant, generalist fungi point at a significantly higher number of genes related to stress-tolerance and resource uptake in the dominant fungi, suggesting that they might be better in colonising a wide range of environments.","A comparative genomic analysis has found that dominant fungi possess a significantly higher number of genes associated with stress tolerance and resource uptake, indicating an enhanced ability to colonize a broad range of environments.","news","llama-3.3-70b-instruct","1.0"
"5 Research regarding the motivations of indoor tanners could inform the development of new interventions.","Researchers believe that studying the motivations behind indoor tanning could lead to the creation of more effective interventions to curb the risky behavior.","news","llama-3.3-70b-instruct","1.0"
"Mindfulness research in general could benefit from employing the SOBC experimental medicine approach.","The field of mindfulness research may be strengthened by adopting the experimental medicine approach known as the Society for Research on Biological Systems (SOBC) model, which emphasizes a more rigorous and systematic methodology.","news","llama-3.3-70b-instruct","1.0"
"Stripped of context, stand-alone statistics may simply be used as ""evidence"" of the stereotype that Blacks are prone to criminality.","The presentation of stand-alone crime statistics can perpetuate harmful stereotypes that Blacks are inherently prone to criminality, underscoring the need for nuanced contextualization in discussions of racial demographics and crime rates.","news","llama-3.3-70b-instruct","1.0"
"CONCLUSIONS AND RELEVANCE Tic disorders, including TS and CTDs, cluster in families primarily because of genetic factors and appear to be among the most heritable neuropsychiatric conditions.","Researchers have found that tic disorders, such as Tourette syndrome and chronic tic disorders, tend to run in families due to a strong genetic component, making them among the most heritable of all neuropsychiatric conditions.","news","llama-3.3-70b-instruct","1.0"
"The innovative use of the Nintendo Wii could present a way to enhance community based stroke rehabilitation of the arm by providing a motivating and cost-effective way of exercising that could be remotely monitored and exercises adjusted as required by a physiotherapist .","Researchers have discovered that the Nintendo Wii can be a valuable tool in community-based stroke rehabilitation, offering a motivating and cost-effective way for patients to exercise and recover arm function under remote physiotherapist supervision.","news","llama-3.3-70b-instruct","1.0"
"This is despite climate change and anthropogenic transformations of local flora and fauna, including changes in agricultural practices , which might have favored the introduction of landraces from other regions that were better adapted to the changing agricultural environment.","Despite the impacts of climate change and human-induced alterations to local ecosystems, including shifts in agricultural practices, landraces from other regions that are better adapted to the changing environment may have been introduced to the area.","news","llama-3.3-70b-instruct","1.0"
"This may be due to adults who are able to continue consuming alcohol into old age are healthier, and therefore have higher cognition and larger regional brain volumes, than people who had to decrease their alcohol consumption due to adverse health outcomes and become abstainers during old age.","Researchers have found that adults who can continue drinking alcohol into old age tend to have better cognitive function and larger brain volumes, suggesting that they may be inherently healthier than those who are forced to stop drinking due to declining health.","news","llama-3.3-70b-instruct","1.0"
"Additional efforts to foster multipayer participation in global payment systems, such as recent state initiatives and provisions in Pioneer Medicare ACO contracts, 15,32,33 may be important.","Efforts to encourage multiple payers to participate in global payment systems, including recent state initiatives and provisions in Pioneer Medicare ACO contracts, may be crucial to their success.","news","llama-3.3-70b-instruct","1.0"
"Meaning Reducing exposures of pregnant women to environmental nitric oxide may be associated with a reduction in autism spectrum disorder incidence in their children.","Exposure to environmental nitric oxide during pregnancy may be linked to an increased risk of autism spectrum disorder in children, suggesting that reducing such exposure could potentially lower the incidence of the condition.","news","llama-3.3-70b-instruct","1.0"
"However, gender patterns of consumption and the relationship between societal and family affluence and cannabis use may be changing.","Researchers have found that the traditional gender patterns of cannabis consumption and the links between socioeconomic status and marijuana use may be shifting over time.","news","llama-3.3-70b-instruct","1.0"
"Developing and imparting more gist based knowledge, in order to engage more intuitive thinking about online risk-taking, may well help to protect young people against some of the dangers involved in certain online activities.","Researchers suggest that teaching young people to think more intuitively about online risks through gist-based knowledge may help shield them from the dangers associated with certain internet activities.","news","llama-3.3-70b-instruct","1.0"
"One might expect the many factors absent from the urban explorer process -variations in street segment lengths and driving speeds, taxi-taxi interactions, human routing decisions, heterogeneities in passenger pickup and dropoff times and locations -would play a role in the statistical properties of real taxis.","The statistical properties of real taxis are likely influenced by a multitude of factors, including variations in street segment lengths and driving speeds, interactions between taxis, human routing decisions, and heterogeneities in passenger pickup and dropoff times and locations.","news","llama-3.3-70b-instruct","1.0"
"However, it nonetheless represents a critical component of decision-making that is likely to be important in successful policy development and implementation.","A new study highlights the crucial role of a particular factor in informing decision-making, which is essential for the effective development and implementation of successful policies.","news","llama-3.3-70b-instruct","1.0"
"People who are more than 65 years of age are almost one point on a 0-6 scale less tired than people aged between 15 and 24.","A new study has found that individuals over 65 years old report significantly lower levels of fatigue, scoring nearly one point lower on a 0-6 scale, compared to their counterparts between 15 and 24 years old.","news","llama-3.3-70b-instruct","1.0"
"The biological effects of altered biochemical concentrations may not be manifested over a short time period, but could have deleterious impacts on long-term fitness and population stability.","New research suggests that even slight changes in biochemical concentrations can have devastating long-term consequences for the health and stability of populations, even if no immediate effects are apparent.","news","llama-3.3-70b-instruct","1.0"
"Reduction in the incidence of colorectal cancer may influence the overall benefit-risk profile of aspirin.","New research suggests that the potential to reduce the incidence of colorectal cancer may significantly impact the overall benefit-risk assessment of aspirin as a preventative medication.","news","llama-3.3-70b-instruct","1.0"
"Unfortunately, the subtle change in the effects of alcohol on performance over time may lead older adults to ignore these risks as they are unlikely to have experienced significant consequences or impairment resulting from this level of consumption at earlier points in their lives.","A subtle but significant shift in how alcohol affects performance as people age may lead older adults to underestimate the risks associated with moderate drinking, as they may not have previously experienced noticeable impairment or consequences at similar levels of consumption.","news","llama-3.3-70b-instruct","1.0"
"This leads us to the possibility that a spatial virtual memory palace, experienced in an immersive virtual environment, could enhance learning and recall by leveraging the integration of vestibular and proprioceptive inputs (overall sense of body position, movement, and acceleration) ).","Researchers have discovered that using a spatial virtual memory palace in an immersive virtual environment may improve learning and recall by harnessing the brain's integration of bodily sensations, including movement, position, and acceleration.","news","llama-3.3-70b-instruct","1.0"
"Thus, in addition to conserving important species, maintaining ecosystem multifunctionality will require diverse landscape mosaics of diverse communities.","Maintaining the health and resilience of ecosystems will depend not only on preserving key species, but also on creating and sustaining diverse landscape mosaics that support a wide range of biological communities.","news","llama-3.3-70b-instruct","1.0"
"First, the decreasing rate of PTR could have been primarily the result of more effective systemic therapy or of greater reluctance among surgeons to operate on patients with asymptomatic stage IV CRC.","The decline in the rate of primary tumor resection, or PTR, in patients with stage IV colorectal cancer may be attributed to either improved systemic therapies or a growing hesitation among surgeons to operate on asymptomatic patients.","news","llama-3.3-70b-instruct","1.0"
"Such ubiquitous BP monitoring may improve hypertension awareness and control rates and thereby help reduce the incidence of cardiovascular disease and mortality.","Widespread adoption of blood pressure monitoring is expected to increase awareness and control of hypertension, ultimately leading to a reduction in cardiovascular disease and mortality rates.","news","llama-3.3-70b-instruct","1.0"
"Women may reason that other people can neither change their infertility status nor understand what they were experiencing.","Researchers have found that women struggling with infertility often feel that others cannot truly comprehend or relate to their experiences, nor can they alter their own infertility status.","news","llama-3.3-70b-instruct","1.0"
"Given these results, it is possible that TAF2 overexpression could increase transcription of C-SRC in some ovarian tumors.","Researchers have found that overexpression of the TAF2 gene may contribute to the increased transcription of C-SRC in certain ovarian tumors.","news","llama-3.3-70b-instruct","1.0"
"A confirmation of these results would point to new particles or interactions, and could have profound implications for our understanding of particle physics.","A confirmation of these findings could profoundly reshape the field of particle physics by suggesting the existence of previously unknown particles or interactions.","news","llama-3.3-70b-instruct","1.0"
"Although SZ and BP often differ clinically, they share many features.","Schizophrenia and bipolar disorder, two distinct psychiatric conditions, exhibit a significant overlap in clinical characteristics despite their differing diagnostic presentations.","news","llama-3.3-70b-instruct","1.0"
"Should this approach prove to be effective and to have benefit beyond the period of intervention, it might be applied intermittently as a preventive strategy, an approach that would mitigate many concerns about chronic, severe carbohydrate restriction.","Researchers suggest that this approach could be used as an intermittent preventive strategy if proven effective, potentially mitigating concerns about long-term carbohydrate restriction.","news","llama-3.3-70b-instruct","1.0"
"Thus, the prototype of the redemptive self appears to be a life-story format that is deeply implicated in healthy psychosocial adaptation in the midlife years.","Researchers have found that a life narrative centered around personal redemption is closely linked to healthy psychological and social adjustment during middle age.","news","llama-3.3-70b-instruct","1.0"
"Policies that incentivize providers and health systems to use telehealth could be an important way to increase access to care for underserved populations.","Implementing policies that incentivize healthcare providers to utilize telehealth services could significantly expand access to medical care for underserved communities.","news","llama-3.3-70b-instruct","1.0"
"If a birth is a positive life event, the happiness response to having a child may be strongest when the event is first experienced.","Research suggests that the happiness boost associated with having a child is often most pronounced for new parents, with the positive emotional response tend to be strongest during the initial experience of parenthood.","news","llama-3.3-70b-instruct","1.0"
"Promotion of lactation may be an effective tool for reducing occurrence of the subtypes that contribute disproportionately to breast cancer mortality.","Researchers have found that promoting lactation may be a key strategy in reducing the incidence of aggressive breast cancer subtypes that are responsible for a disproportionate number of breast cancer deaths.","news","llama-3.3-70b-instruct","1.0"
"Allowing users to retract recently posted comments may help minimize regret .","Researchers have found that providing users with the option to retract recently posted comments can be an effective strategy in reducing regret over online posts.","news","llama-3.3-70b-instruct","1.0"
"It is possible that alcohol may only affect perception of attractiveness at a higher level of alcohol consumption, which was not observable with the naturalistic design used here.","Researchers have found that alcohol's impact on perceived attractiveness may only become apparent at higher levels of consumption, a threshold that was not reached in the study's naturalistic design.","news","llama-3.3-70b-instruct","1.0"
"Together, these results appear to suggest that avoiding car driving may be beneficial to wellbeing.","New research indicates that forgoing driving a car may have a positive impact on an individual's overall wellbeing.","news","llama-3.3-70b-instruct","1.0"
"Diffusion-weighted imaging during the acute phase of carbon monoxide poisoning may therefore help identify patients at risk of developing these debilitating sequelae.","Researchers have found that a specialized imaging technique called diffusion-weighted imaging can help identify patients at risk of long-term brain damage during the acute phase of carbon monoxide poisoning.","news","llama-3.3-70b-instruct","1.0"
"The adolescent who comes to depend upon pseudomature behavior to gain peer status may gradually need to shift, for example, from minor forms of delinquency, such as vandalism and shoplifting, to more serious acts of criminal behavior to impress even a subset of older peers.","Adolescents who rely on pseudomature behavior to gain peer status may escalate from minor delinquency, such as vandalism and shoplifting, to more serious criminal acts in order to impress older peers and maintain their social standing.","news","llama-3.3-70b-instruct","1.0"
"Furthermore, continuous activity monitoring during treatment could help predict and monitor treatment complications and allow for timely and appropriate intervention.","Researchers have found that continuously monitoring patient activity during treatment can help predict and prevent complications, enabling healthcare providers to intervene in a timely and effective manner.","news","llama-3.3-70b-instruct","1.0"
"The towns and villages that constituted research sites for our study are likely similar to hundreds or even thousands of sites throughout Asia, where humans live alongside synanthropic macaques.","A new study suggests that the human-macaque cohabitation dynamics observed in the research sites are likely representative of a widespread phenomenon affecting thousands of communities across Asia.","news","llama-3.3-70b-instruct","1.0"
"[Conclusion] It was concluded that the 12 weeks of vitamin D supplementation and circuit training would have positive effects on abdominal fat and blood lipid profiles in T2D and vitamin D deficient elderly women.","A recent study found that a 12-week regimen of vitamin D supplementation combined with circuit training had a positive impact on reducing abdominal fat and improving blood lipid profiles in elderly women with type 2 diabetes and vitamin D deficiency.","news","llama-3.3-70b-instruct","1.0"
"Although our analyses suggest that adherence to new ACC/AHA statin eligibility guidelines may prove beneficial for the reduction of future cardiovascular events compared with using the ATP III guidelines, the absolute event risk of statinnoneligible adults is not much lower with the ACC/AHA guidelines (1.0%) compared with the ATP III guidelines (2.4%), and the larger benefit may be that the ACC/AHA guidelines identify many more statin-eligible participants with a similarly high event rate as the ATP III guidelines (6.3% vs 6.9%).","New research suggests that adhering to the updated ACC/AHA statin eligibility guidelines may reduce future cardiovascular events, but the absolute risk reduction is relatively small, and the primary benefit lies in identifying a larger population of high-risk individuals who can benefit from statin therapy.","news","llama-3.3-70b-instruct","1.0"
"Here, we show that riluzole can protect against some of the synaptic alterations in hippocampus that are linked to age-related memory loss in rats.","Researchers have found that the drug riluzole can help safeguard against certain synaptic changes in the hippocampus associated with age-related memory decline in rats.","news","llama-3.3-70b-instruct","1.0"
"More than 10% of total pesticide use in the USA in 2016 was from pesticide ingredients either banned, not approved or of unknown status in all three agricultural nations (Table 1 and Additional file 5:  Table S137 ).","A startling 2016 analysis revealed that over 10 percent of all pesticide use in the United States consisted of ingredients that were either banned, unapproved, or of unknown status in other major agricultural countries.","news","llama-3.3-70b-instruct","1.0"
"Consistent with the stage specific model of mental disorders linking intervention to stage of illness, our findings suggest frequent cannabis use is likely to be a suitable target for interventions that may allay the risk of young people developing bipolar disorder.","Researchers have found that frequent cannabis use in young people may be a key factor in the development of bipolar disorder, suggesting that targeted interventions could help mitigate this risk.","news","llama-3.3-70b-instruct","1.0"
"Conclusion-These findings support the idea that the tendency to describe and accept distressing experiences may buffer the impact of psychological distress on physiological arousal.","New research suggests that individuals who openly acknowledge and process their distressing experiences may be better equipped to mitigate the physical effects of psychological stress.","news","llama-3.3-70b-instruct","1.0"
